Move,Command,Startup,Active,Recovery,frame_adv_hit,frame_adv_block,Damage,Stun,Total,Hitstop,Chip,Attack Level,Cancel Ability,CH hit adv.,CH Damage,CH Stun,KD Adv.,KDR Adv.,KDRB Adv.
stand LP,-,4,3,6,5,2,30,70,12,,,H,"SP,V",7,36,84,-,,
stand MP,-,7,2(5)2,15,2,-3,40*20,50*50,30,,,H*H,"SP,V",4,48*24,60*60,-,,
stand HP,-,8,3,19,1,-2,90,150,29,,,H,"SP,V",16,108,180,-,,
stand LK,-,5,3,7,4,2,40,70,14,,,H,"SP,V",6,48,84,-,,
stand MK,-,5,2(0)2,14,3,1,30*30,50*50,22,,,H*H,"SP,V",5,36*36,60*60,-,,
stand HK,-,12,2(9)2,16,6,1,40*75,40*75,40,,,H*H,"SP,V",8,48*48,90*90,-,,
crouch LP,-,4,3,8,3,1,30,70,14,,,H,"SP,V",5,36,84,-,,
crouch MP,-,6,2,16,1,-2,50,100,23,,,H,"SP,V",3,72,120,-,,
crouch HP,-,9,2(9)3,19,8,-6,50*40,75*75,38,,,H*H,"SP,V",??,60*48,90*90,-,,
crouch LK,-,5,3,7,4,1,20,70,14,,,L,V,6,24,84,-,,
crouch MK,-,7,3(0)2,14,4,2,20*40,50*50,26,,,H*H,"SP,V",6,24*48,60*60,-,,
crouch HK,-,9,2(8)2,24,KD,-12,40*60,75*75,45,,,L*L,V,KD,48*72,90*90,69,20,25
jump LP,-,4,6,-,-,-,40,50,-,,,M,-,-,48,72,-,,
jump MP,-,5,4,-,-,-,70,100,-,,,M,-,-,84,120,-,,
jump HP,-,8,5,-,-,-,90,150,-,,,M,-,-,108,180,-,,
jump LK,-,4,6,-,-,-,40,50,-,,,M,-,-,48,60,-,,
jump MK,-,5,2(0)2,-,-,-,35*35,50*50,-,,,M*M,-,-,42*42,60*60,-,,
jump HK,-,9,2(0)2,-,-,-,48*48,90*90,-,,,M*M,-,-,46*46,90*90,-,,
Nirenko,df+HP,12,2(5)2,21,-2,-5,60*40,100*100,42,,,H*H,V,0,72*48,120*120,-,,
Senpukuga,d+PPP > K,10,2(3)2,14,5,2,30*40,50*50,30,,,H*H,V,7,36*48,60*60,-,,
Simonshu,LP+LK,5,2,18,KD,,60*70,0*200,24,,,T,-,KD,60*70,0*200,73,14,14
Kyoshitsugeki,b+LP+LK,5,2,18,KD,,10*120,0*170,24,,,T,-,KD,10*120,0*170,72,13,13
Dokunomu,HP+HK,-,,,,,,,49,,,-,-,,,,-,,
Nishodoku,MP+MK,22,,,-,,??,??,40,,,-,-,,,,-,,
Nikaiho,f+PPP,-,,,,,,,35,,,,,,,,-,,
Nishikyu LP,"d,u+LP",13,-,48,-7,-11,20*20,50*50,60,,,H*H,CA,-7,24*20,60*50,-,,
Nishikyu MP,"d,u+MP",13,-,48,-7,-11,20*20,50*50,61,,,H*H,CA,-7,24*20,60*50,-,,
Nishikyu HP,"d,u+HP",13,-,48,-7,-11,20*20,50*50,61,,,H*H,CA,-7,24*20,60*50,-,,
Nishikyu EX,"d,u+PP",13,-,40,2,-2,40*40,50*50,53,,,H*H,-,2,48*40,60*50,-,,
Sotoja LP,"b,f+LP",16,8,25,KD,-11,30*30,100*100,48,,,H*H,CA,KD,36*30,120*100,91,32,37
Sotoja MP,"b,f+MP",20,8,23,KD,-9,30*40,100*100,50,,,H*H,CA,KD,36*40,120*100,91,32,37
Sotoja HP,"b,f+HP",21,8,24,KD,-10,40*40,100*100,52,,,H*H,CA,KD,48*40,120*100,90,31,36
Sotoja EX,"b,f+PP",14,8,19,KD,-3,50*50,100*100,41,,,H*H,-,KD,60*40,120*100,94,35,40
Ryobenda LK,"b,f+LK",14,3,30,KD,-9,30*30,100*100,45,,,H*H,CA,KD,36*30,120*100,91,32,37
Ryobenda MK,"b,f+MK",19,-,28,1,-8,40,100,46,,,H,CA,3,48,120,-,,
Ryobenda HK,"b,f+HK",23,-,30,-1,-10,40,100,52,,,H,CA,1,48,120,-,,
Ryobenda EX,"b,f+KK",15,2,33,KD,2,30*30*20*20,100*100*22*22,49,,,H*H*H*H,-,KD,36*30*20*20,120*100*22*22,84,24,79?
Nikankyaku LK,"f,d,df+LK",-,-,-,-,-,-,-,29,,,-,-,-,-,-,-,,
Nikankyaku MK,"f,d,df+MK",-,-,-,-,-,-,-,30,,,-,-,-,-,-,-,,
Nikankyaku HK,"f,d,df+HK",-,-,-,-,-,-,-,31,,,-,-,-,-,-,-,,
Nikankyaku EX,"f,d,df,+KK",-,-,-,-,-,-,-,33,,,-,-,-,-,-,-,,
Shishiruirui,"qcf,qcf+P",12,7,,KD,??,292,0,,,,H,-,KD,300,0,96,27,